id,value
001F2E,dmo_na_combattest
001F30,dmo_na_dangerroom
013B06,tmp_na_pathingtestareg1
013B31,tmp_na_pathingtestbreg1
01E6D2,tmp_na_audiospace
01E8F4,tmp_na_audiospace2
022163,dmo_na_unibox
0270B3,tmp_na_footstep_test
037B5F,tmp_na_qacombatautomation
03CD9D,tmp_na_clobberabletest
069616,out_dal_north_01
069617,out_dal_north_02
069618,out_dal_north_03
069619,out_dal_north_04
06961A,out_dal_south_01
06961B,out_dal_south_02
06961C,out_dal_south_03
06961D,out_dal_south_04
06961E,out_dal_west_01
06961F,out_dal_tran_north_01_to_north_02
069620,out_dal_tran_north_02_to_north_03
069621,out_dal_tran_north_03_to_north_04
069622,out_dal_tran_north_01_to_west_01
069623,out_dal_tran_north_02_to_windemere
069624,out_dal_tran_south_01_to_south_02
069625,out_dal_tran_south_02_to_south_03_b
069626,out_dal_tran_south_03_to_south_04
069627,out_dal_tran_north_02_to_south_02
069628,out_dal_tran_north_03_to_south_03_b
069629,out_dal_tran_north_04_to_south_04
069F61,dmo_m1_south
06A6CC,dmo_m1_west
06AC84,dmo_m1_north
06ACE6,dmo_m1_tran_south_west
06AD14,dmo_m1_tran_north_west
06AD23,dmo_m1_north_south
06BE92,dgn_hol_brunuath
06CBD0,dgn_cav_waterhalldown
06EEA2,out_poe_north_01
06EEA3,out_poe_north_02
06EEA4,out_poe_north_03
06EEA5,out_poe_north_04
06EEA7,out_poe_south_01
06EEA8,out_poe_south_02
06EEA9,out_poe_south_03
06EEAA,out_poe_south_04
06EEAB,out_poe_tran_north_01_to_north_02
06EEAC,out_poe_tran_north_02_to_north_03
06EEAD,out_poe_tran_north_03_to_north_04_b
06EEB0,out_poe_north_00
06EEB1,out_poe_tran_north_00_to_north_01
06EEB3,out_poe_tran_north_01_to_south_01
06EEB4,out_poe_tran_north_02_to_south_02
06EEB5,out_poe_tran_north_03_to_south_03
06EEB6,out_poe_tran_north_04_to_south_04
06EEB7,out_poe_tran_south_01_to_south_02
06EEB8,out_poe_tran_south_02_to_south_03
06EEB9,out_poe_tran_south_03_to_south_04
06F09D,out_det_north_01
06F114,out_det_south_00
06F115,out_det_south_01
06F116,out_det_south_02
06F367,out_ala_north_01
06F36C,out_ala_south_01
06F37F,out_det_tran_south_00_to_south_01
06F380,out_det_tran_south_01_to_south_02
06F387,out_det_tran_west_01_to_south_01
06F39B,out_det_tran_west_01_to_south_00
06F3FE,out_klu_west_01
06F52A,out_klu_west_02
06F52B,out_klu_west_03
06F52C,out_klu_west_04
06F52D,out_klu_east_01
06F52E,out_klu_east_02
06F57E,cty_ysa
06F5DF,cty_rathir
06F5FF,cty_melsenshir
06FD86,int_dal_yolvan_thelibrary
06FF93,out_klu_tran_west_01_to_east_01
06FF94,out_klu_tran_west_02_to_east_02
06FF97,out_klu_tran_east_01_to_east_02
06FF9B,out_klu_tran_west_01_to_west_02
06FF9C,out_klu_tran_west_02_to_west_03
06FF9D,out_klu_tran_west_03_to_west_04
06FFAF,dgn_tmp_ncatest
07003B,int_dal_gorhart_inn
07015B,int_dal_ballads_courtofenchantments
0701EB,int_dal_stodwigsperpetualmissionmain
0703AF,dgn_cav_sundurcaverns
070E0E,tmp_na_qatravelautomation
07126E,dgn_hol_arduath
07142B,int_cty_ysa_hallofthehunt
071600,dgn_hol_gorguath
07181F,int_dal_guelmuinlodge
0718F7,dgn_cav_shattertiermines
0723AB,int_dal_ballads_houseofaccolades
0723E3,dgn_cav_brigandhallcaverns
0727A6,dgn_cav_ironholdpassage
0727A9,out_pln_prototype
072835,dgn_hol_uduath
072A6A,war_int_vil_warehouse
072B0E,int_cty_adessa_ouetstebiccrietlabs
072C3E,dgn_str_stebiclab
072D97,dgn_cav_wellofgreaterdidenhil
073243,dgn_cav_tulan
0736A0,out_dal_tran_south_02_to_south_03_a
0736D0,tmp_na_qacliffsarea
073A3D,dgn_cav_overgrownthicket
073A3F,dgn_cav_shaderivercaves
073A47,dgn_cav_stonecandlemines
073A4B,dgn_dvg_yumy
073A4E,dgn_fca_castleyolvan
073A52,dgn_hol_cathrus
073A54,dgn_dvg_aodh
073A58,dgn_cav_tearscottermines
073A65,dgn_dvg_vlaskersforge
073A67,dgn_cav_shardfall
073A6E,dgn_str_dolvearne
073A72,dgn_cav_darkglowcaverns
073A77,dgn_cav_sevenwidowmine
073A7B,dgn_dvg_cathedraloftheworld
073A82,dgn_str_dolvewayle
073A84,dgn_dvg_hurvarsdoorsill
073A89,dgn_cav_sanctuarygrotto
073AA1,dgn_dvg_cavernsofingress
073AAA,dgn_cav_splitrockdepths
073AAC,dgn_dvg_agnurfarhol
073AB8,dgn_dvg_cannrane
073AC7,dgn_cav_fellfirepit
073AD3,dgn_cav_luckymine
073ADA,dgn_cav_echoinglightmine
073AE5,dgn_str_bonnlach
073AEF,dgn_hol_adarus
073B05,dgn_dvg_theblackenedhall
073B0E,dgn_cav_whisperingcaves
073B1A,dgn_fca_houseofpride
073B1D,dgn_cav_glasspillarcaves
073B26,dgn_cav_glowlodecavern
073B28,dgn_cav_prismerebasin
073B2E,dgn_cav_shininglabyrinth
073EA7,tmp_na_qa_dng_well
073EA8,tmp_na_qa_dng_cliffs
07405E,int_dal_canneroc_inn
074147,int_dal_canneroc_house01
0741D3,int_dal_canneroc_house02
075820,int_dal_littledidenhil_healer
075826,int_dal_greaterdidenhil_baker
075996,int_dal_greaterdidenhil_houseoftrade
075A4E,int_poe_acatha_derfelshouse
075A70,int_dal_littledidenhil_kalthouse
075A92,int_dal_greaterdidenhil_luminitsahouse
075B1E,int_dal_littledidenhil_inn
0761EC,int_cty_rathir_chamberoftrade
0761ED,out_poe_skycrown_top
07624F,dgn_str_rathircatacombs
076846,int_dal_sthadwynsperpetualmission
0785C0,out_klu_isleofeamonn
078907,out_dal_tran_north_02_to_north_03_a
078AE5,int_cty_rathir_salibrary
078AE7,int_cty_rathir_samainhall
078AF1,int_cty_rathir_sadormitory
078CAA,dgn_tmp_ncatest02
079213,int_cty_ysa_samainhall
07941A,dgn_str_windemerecastle
0797DF,int_dal_ballads_hobgrounds
0797E5,int_dal_ballads_summersanctuary
079A74,out_dal_dgn_summersend
079E0C,int_dal_summersend_thechantry
07A8C4,int_dal_summersend_belltower
07B959,int_poe_archsagedreamworld
07BE26,int_poe_archsagedreamworld_grounds
07C066,dgn_str_forbiddenhall
07C353,int_cty_adessa_library
08023B,int_dal_gorhart_alchemistshop
080A08,dgn_cav_crownofclouds
080B32,dgn_cav_crownofcloudsexterior
080CCF,dgn_tmp_fho_test
08166C,out_det_prototype
0827B7,tmp_na_brandoland
0834F6,tmp_na_qaunloadtestspace_01
0834F8,tmp_na_qaunloadtestspace_02
0834FA,tmp_na_qaunloadtestspace_03
0834FC,tmp_na_qaunloadtestspace_04
08488D,dgn_dvg_yumytheatreoffate
084A25,dgn_cav_adessamine
084F78,dgn_hol_bristlethorn
084F90,dgn_hol_syl
084FDA,dgn_hol_cranalt
08535D,dgn_dvg_damalroc
08537F,dgn_dvg_mullrane
085779,out_poe_tran_north_03_to_north_04_a
0857EC,dgn_cav_brandycove
085D18,dgn_cav_skoria
086198,int_gno_interior_warehouse
0861C7,dgn_hol_rundamir
086394,dgn_wellofsouls_lab
086968,dgn_hol_caertosai
086973,dgn_tmp_fho_piecetest02
086B00,out_poe_tran_south_01_to_south_02_a
0870AD,dgn_str_kandrian
088898,dgn_cav_seasons_tunnel
08970B,dgn_cav_huntermine
0897B8,dgn_cav_coilsbain
089A94,int_poe_ayten_inn
08A5E7,dgn_tmp_sho_test
08A639,dgn_fca_gastyr
08AB0E,dgn_hol_sinsear
08AC82,int_cty_ysa_courtofsummer
08ACBD,dgn_dvg_mordustorr
08ACD5,dgn_hol_shadowthorn
08ACF2,dgn_str_corganhold
08AD82,out_dal_nyralim
08B0BB,int_det_whitestone_inn
08B1F3,dgn_hol_rahnil
08CB6C,dgn_cav_saltwellcaverns
08D60A,dgn_cav_haxhidam
08DF51,dgn_hol_gloamthicket
08DF55,dgn_hol_primorida
08F6A7,dgn_hol_tinehil
08F749,dgn_hol_provinghalls
08F788,dgn_tmp_eru_test01
0904E0,int_det_whitestone_mayorshouse
090A67,int_cty_adessa_wylehome
090A6A,int_cty_adessa_teinirhome
090A6C,int_poe_emaire_hagnihome
090A6E,int_cty_adessa_questhouse1
090A74,int_cty_adessa_questhouse2
090A7E,int_det_hollowlands_motusmining
090A80,int_cty_adessa_lollyrshome
090A83,int_cty_adessa_papyrushouse
090A91,int_cty_adessa_longroadstorehouse
090A93,int_cty_adessa_jiennehome
090AD2,int_cty_adessa_domuspolitica
090ADF,int_cty_adessa_dartansstore
090AE1,int_cty_adessa_praetoriangarrison
090AF2,int_cty_adessa_armory
090B10,int_cty_adessa_basilicanoscere
090B12,int_cty_adessa_forum
090B14,int_cty_adessa_hospitalisquarters
090D48,cty_adessa_the_isles
091479,dgn_cav_thetenderspath
0919F0,int_cty_rathir_tavern
091F35,int_cty_rathir_barracks
0920D9,cty_adessa_walls
092734,dgn_dvg_urultusk
09288C,int_cty_rathir_anwongreathouse
092926,dgn_cav_fp02cache_1
092A44,dgn_cav_fp02cache_2
092B9C,dgn_cav_fp02cache_3
0936A9,dgn_hol_caerelatha
09387A,dgn_str_virki
0955FC,dgn_str_castleansilla
095860,out_klu_prototype
095862,dgn_str_ohnsstand
095892,out_det_west_01
09589F,out_det_tran_north_01_to_west_01
095B89,dgn_str_fantastar
0960DF,out_dal_dreamend
096599,dmo_na_defaultbox
096682,dgn_dvg_thenexus
097B89,int_dal_ardenhouse
09806A,dgn_str_fallenhall
099527,dgn_fca_siorancrypt
09952A,dgn_dvg_weconai
09AFCB,dgn_str_dannestar
09B9FD,int_poe_melaglir_inn
09BAAF,int_poe_melaglir_shop
09BAB3,int_poe_melaglir_abandoned
09BF4A,int_poe_emaire_inn
09BF6A,int_poe_emaire_house_a
09C380,tmp_na_activitytest
09C79C,int_dal_stodwigs_chapel
09C836,int_dal_gorhart_merchant
09C86A,dgn_str_eamonnsfortress
09C9E8,int_poe_emaire_spellbinder
09CA76,int_dal_stodwigs_bunks
09CB16,int_dok_interior_warehouse
09CCE1,int_poe_tirinsrest_tavern
09CDF9,int_poe_tirinsrest_locksmithhouse
09D1F6,dgn_str_houseofvengeance
09DEDD,dgn_dvg_eamonnspath
09EC52,dgn_cav_amethyn
09F3D3,dgn_eru_coilsbainruins
09FEE1,int_poe_melaglir_morkanhouse
0A0F27,int_poe_tirinsrest_church
0A0F99,int_dal_thesidhe_emporiumofwonder
0A102A,tmp_qa_junglesbee
0A1051,int_poe_tirinsrest_merchant
0A527E,int_cty_adessa_prison
0A6DA9,cty_rathir_uppercity
0A6DAB,cty_rathir_scholiaarcana
0A708B,tmp_na_qaautomation_trans
0A72EE,tmp_na_qaforestarea
0A8DB5,dgn_cav_bloodstonedeep
0A9197,int_dal_canneroc_playerhouse
0A9DC5,int_dal_canneroc_playerhouse_l2
0AAC11,out_poe_skycrown_cave
0AB028,out_poe_travelers_grounds
0AB0AB,int_dal_canneroc_playerhouse_l3
0AB145,int_dal_canneroc_playerhouse_l4
0ABB52,dgn_str_warswornvault
0ABCF2,int_dal_canneroc_playerhouse_l5
0ABFD8,tmp_ na_characterland_02
0ACB1D,int_dal_canneroc_playerhouse_l6
0ACCA9,int_dal_canneroc_playerhouse_l7
0AD273,dgn_cav_charamsmine
0AD59B,out_det_travelers_grounds
0AE348,out_ala_west_01
0AE34A,out_ala_east_01
0AE34F,out_ala_tran_north_01_to_west_01
0AE3F3,out_ala_west_02
0AE3FC,out_ala_tran_west_01_to_west_02
0AE400,out_ala_tran_south_01_to_west_02
0AE5FB,out_ala_tran_south_01_to_east_01
0B0625,int_poe_ayten_iverhouse
0B0628,int_poe_ayten_alchemistshop
0B062A,int_poe_ayten_smithy
0B0683,out_det_houseofvalor_grounds
0B1C4C,int_cty_rathir_merchantcircle
0B3A76,cty_adessa_scaffoldrun
0B4B7D,dgn_cav_valjeanmine
0B4BA3,int_det_valjeanminingcompany
0B57B2,out_det_houseofvalor_grounds_arena
0B5E73,int_det_valjeanminingcompany_l2
0B6BD1,tmp_qa_dbatson
0B6D53,int_det_valjeanminingcompany_l3
0B6F38,int_det_valjeanminingcompany_l4
0B70B0,dgn_cav_valjeanmine_l2
0B7423,cty_ysa_prototype
0B7D5E,dgn_cav_darkvarimine
0B7D62,dgn_cav_zungarshaft
0B7D65,dgn_cav_charnokquarry
0B809B,int_det_apotyre_motusmininghq
0B8501,dgn_cav_valjeanmine_l3
0B925B,dgn_cav_valjeanmine_l4
0B98AE,int_poe_tywilicoast_pengarashouse
0BE3EE,dgn_cav_whitestonemayorscave
0C6F23,int_det_whitestone_mayorsvilla
0C6FE9,int_det_whitestone_mayorscottage
0D09AC,int_dal_ettinmere_holnstead
0FC1C4,int_det_whitestone_merchant
1187A2,int_fae_warehouse
11CB70,int_dal_webwood_toghfarm
12E649,tmp_qa_tran1
12E650,tmp_qa_nscamman
130F91,dgn_cav_barrencove
131EA6,int_cty_adessa_sandstonevilla_04
133CF2,cty_melsenshir_bossbattle
13442A,dgn_tmp_sho_test_02
134F48,int_cty_adessa_barterrow
1386A7,dgn_cav_scarbellycavern
138B9C,out_dal_windemere
138F7A,tmp_na_joeq_slope_test
139F40,int_cty_adessa_grandbursars
139F48,int_cty_adessa_arcadium
13A3F8,dgn_tmp_nca_prismere_test01
13B7A3,dgn_str_sparringarena
13BD1D,dgn_tmp_sho_fae01
13C5A9,tmp_qa_wcooper
13C5E5,cty_melsenshir_bossbattle_2ndstage
13C5E8,cty_melsenshir_bossbattle_3rdstage
13C5EA,cty_melsenshir_bossbattle_4thstage
13E52E,out_klu_saturnalia
13F1AC,out_dal_travelers_grounds
13F2BD,dgn_str_houseofsorrows
13F52D,tmp_qa_kstar
13FF34,tmp_qa_tran2
140BC4,cty_ysa_upperhouses
14174B,int_det_hollowlands_office
142FBB,cty_ysa_thefont
143256,int_cty_ysa_houseofballads
145A40,int_cty_ysa_embassy
145B58,int_cty_ysa_merchants
145BED,int_cty_ysa_inn
145CAD,int_cty_ysa_hallofechoes
145D3F,int_cty_ysa_hallofappointments
14681D,dgn_tirnoch_bossbattle
1469AD,tmp_na_qatradershouse
1488A5,dgn_cav_kandriancove
14B620,tmp_qa_othumel
14B62A,tmp_qa_rorem
14B62D,tmp_qa_richnoski
14C1EF,out_ala_bhaile
14ECC8,dgn_str_shieldringkeep
14FC48,int_dal_steadrics_bunkhouse
152C0D,dgn_str_tirinsrest_locksmithlab
156BD1,cin_01_00_030
1588E4,cin_01_00_110
1591CD,dgn_str_helmgardkeep
159244,dgn_str_ironfastkeep
1596BE,dgn_str_rithen
15A024,dgn_wellofsouls_1
15A027,dgn_wellofsouls_2
15A029,dgn_wellofsouls_3
15A02B,dgn_wellofsouls_4
15A02D,dgn_wellofsouls_5
15A02F,dgn_wellofsouls_6
15A031,dgn_wellofsouls_7
15A033,dgn_wellofsouls_8
15BEE0,dgn_cav_thelowertunnels
15C2EE,cin_warehouse_03_02
15E48F,int_cty_rathir_citywatch
15E9DE,int_cty_rathir_prison
15EEAE,dgn_fca_ghennig
15F11F,cin_02_01_010
15FA24,int_cty_rathir_storeroom
15FF65,int_cty_rathir_poorhouse_01
15FF76,int_cty_rathir_poorhouse_02
160058,int_cty_rathir_pride
16025C,int_cty_rathir_goodsstore
160C67,int_cty_rathir_wggreathouse
160C9C,int_cty_rathir_abergreathouse
160CD7,int_cty_rathir_templeoflyria
16263E,tmp_na_qa_effectstestinterior
162E50,warehouse
164F6C,tmp_qa_mburroughs
168115,int_ala_bhaile_courtofwinter
17004A,dgn_cav_didenhil_jail
171087,int_cty_melsenshir_tavern
17133A,cin_out_poe_north_02
1714AB,dgn_dvg_archsagequarters
172069,cin_out_dal_north_03
173E61,int_cty_melsenshir_barracks
173E91,int_cty_melsenshir_hospital
175C16,dgn_hol_ysa_jail
175C1C,dgn_str_melsenshir_jail
175C6A,dgn_str_brokentower
175C73,dgn_str_brokentowerbasement
1782CB,dgn_dvg_tomboffyragnos
1797A4,out_dal_tran_south_04_to_ysa
17C963,cin_00_00_010
17DD91,int_det_houseofvalor_hypogeum
17EDD8,int_det_houseofvalor_grimshawshouse
17EE05,cin_cty_rathir
17F0A8,int_det_houseofvalor_gamblingden
17F3C0,cin_cty_melsenshir_bossbattle
1807B0,out_klu_dannestar_ext_grounds
181629,dgn_str_losthall_04
18168C,dgn_str_losthall_03
181691,dgn_str_losthall_02
181696,dgn_str_losthall_01
1829DD,character_generation
18341B,tmp_lab_screenshots
1839B9,dgn_dvg_thenexus2
18442D,tmp_dgn_cav_grimfiredepths
185BCB,dgn_str_ancientmausoleum
1888A1,dgn_cav_gorhart_jail
1888AB,dgn_cav_whitestone_jail
1888B0,dgn_cav_ayten_jail
1888B5,dgn_cav_emaire_jail
18940A,out_det_tran_south_02_to_adessa
18A07B,dgn_str_kandrian_jail
18AC2D,dgn_hol_odarath_jail
18AD3A,dgn_hol_midden_jail
18AE3D,tmp_dgn_cav_maridianmine
18C13A,int_dal_ettinmere_theoratory
18D017,dgn_cav_jail_test_space
18E9BB,int_dal_steadrics_chapel
192E79,tmp_na_activitytest_02
195489,dgn_str_houseofsorrows_02
1966F5,int_cty_adessa_sandstonevilla_03
196A61,tmp_qa_kswearman
197E2B,cin_warehouse_01_01
1994EE,int_cty_adessa_sandstonevilla_01
199EF5,int_cty_adessa_sandstonevilla_02
19B8A5,int_cty_adessa_reddleoffice
19BA6E,tmp_cember
19C408,tmp_out_poe_island_01
19F755,tmp_na_character_lighting
1A3DFD,cin_warehouse_03_03
1A4485,cin_courtofwinter
1A4EAE,dgn_str_eagonnsgrave
1A7559,int_det_whitestone_inn_shadow_setup
1AA5AE,tmp_na_pathing_small
1AA9DC,cin_warehouse_06_01
1AAB47,cin_warehouse_03_05
1AAF7A,tmp_na_welltest
1AB3DF,tmp_qa_lstiger
1AB82F,cin_warehouse_03_01
1AB8D7,dgn_wellofsouls_1b
1AB8DA,dgn_wellofsouls_1c
1B20DC,tmp_qa_adavis
1B34A5,int_cty_rathir_tilerasquarters
1B613A,tmp_qa_aweeks
1B613D,tmp_qa_aoliver
1B6AE6,dgn_dvg_glendarapassage
1B81CB,cin_warehouse_03_04
1B9AC1,dmo_movecapture
1B9E23,dlc1_dmo_na_character_combattest
1C74C3,cin_dgn_wellofsouls_8
1C7606,cin_cty_melsenshir_bossbattle_4thstage
1C7CAB,tmp_na_dlc3test
1C9F9F,int_dal_steadrics_bunkhouse_2
1CAA03,dlc1_out_gal_prototype
1CB6F6,dlc1_tmp_int_testspace
1CB97B,dgn_sew_test_01
1CC0D5,dlc2_tmp_na_combattest
1CF1FA,dlc2_ton_prototype
1D15C1,cin_cty_melsenshir_bossbattle_2ndstage
1D1AAC,cin_tilerasquarters
1D1FE6,dlc1_out_gal_north_01
1D1FE8,dlc1_out_gal_east_01
1D1FEC,dlc1_out_gal_west_01
1D22AD,dlc1_out_gal_sandbar_01
1D2398,dlc1_out_gal_island_01
1D334E,dlc1_dgn_cav_test_01
1D3432,dlc2_out_ton_north_01
1D343B,dlc2_out_ton_south_01
1D3577,dlc2_cty_idylla
1D5BBD,cin_dgn_tirnoch_bossbattle_blackbox
1D6A53,vignette_warehouse_out_dal_west_01_agarthambush
1D8AD3,dlc1_dgn_cav_floodedcavern
1D8ADA,dlc1_dgn_cav_sirensden
1D8AE7,dlc1_dgn_dvg_akarator
1D8AF3,dlc1_dgn_dkp_cliffbreakfasting
1D8AF8,dlc1_dgn_dkp_mudholdfasting
1D8B08,dlc1_dgn_dkp_grayvhalfasting
1D8E83,dlc2_dgn_cav_airshrine
1D8E88,dlc2_dgn_cav_earthshrine
1D8E93,dlc2_dgn_cav_jottuntower
1D8E98,dlc2_dgn_sew_southernpassage
1D8E9D,dlc2_dgn_sew_hyperiancomplex
1D8EA2,dlc2_dgn_sew_nyxaros
1D8FE2,dlc2_out_ton_passageexterior
1D91DE,dlc1_out_gal_tran_west_01_to_east_01
1D94DB,dlc1_out_gal_tran_north_01_to_west_01
1D94DD,dlc1_out_gal_tran_north_01_to_east_01
1D9D19,dlc1_out_gal_gravehalkeep_courtyard_stg3
1D9E65,dlc1_int_gal_grayvhalkeep
1D9FDA,dlc1_out_gal_tran_west_01_to_east_01_b
1DA00E,dlc1_dgn_dkp_underseafasting
1DA5D0,dlc2_dgn_sew_idyllasewer
1DA826,dlc2_int_cty_idylla_the_lykeios
1DA898,dlc2_int_cty_idylla_theater_of_andronikos 
1DA960,dlc2_int_cty_idylla_gaianas_respite
1DAAAC,dlc2_int_cty_idylla_primos_sanctuary
1DB34D,dlc2_out_ton_kahrunktower
1DB34F,dlc2_out_ton_tran_north_01_to_south_01_a
1DB351,dlc2_out_ton_tran_north_01_to_south_01_b
1DB379,dlc2_dgn_sew_nerotelos
1DB383,dlc1_dgn_cav_tidalpools
1DBD50,dlc1_dgn_cav_brigandhideaway
1DEC12,tmp_adavis2
1DFFB0,dlc1_dgn_cav_darkharbor
1E457F,cin_out_poe_destiny_cards
1E488C,dlc2_dgn_dev_kahrunktower_peak
1E5DC4,dlc2_dgn_sew_undersewer
1E6595,dlc1_out_gal_gravehalkeep_courtyard_stg2
1E6597,dlc1_out_gal_gravehalkeep_courtyard_stg1
1E703B,dlc2_warehouse
1E80C7,dlc1_out_gal_north_02
1E80C9,dlc1_out_gal_tran_north_01_to_north_02
1E8A26,dlc1_warehouse
1E92A4,dlc1_int_gal_gravehalkeep_l1
1E9550,dlc1_int_gal_gravehalembassy
1E9845,dlc1_int_gal_gravehallibrary
1EB5C5,cin_warehouse_01_02
1EBA88,dlc1_int_gal_gravehalkeep_l2
1EBD15,dlc1_int_gal_gravehalkeep_l3
1EC63D,dlc1_int_gal_gravehalkeep_l4
1F39CE,dlc1_out_gal_east_02
1F3BC8,dlc1_out_gal_tran_east_01_to_east_02
1F6D79,tmp_dlc2_blackness
1FB627,dlc1_tmp_pieces_test_01
1FFFA0,dlc2_dgn_cav_eyriepeak
2012C6,dlc2_int_cty_idylla_market
201E6A,tmp_rmorgan
20213A,dlc2_warehouse_idylla
203124,dlc3_dgn_dvg_heddles
203EB9,dlc3_dgn_nca_tosocket
2043D8,dlc3_dgn_str_huntsmanskeep
204A1A,dlc3_dgn_nca_tosocket_bright
204D34,dlc3_dgn_dvg_lyrden
204FE6,dlc3_dgn_cav_rustedpit
20511B,dlc3_out_islewytren
205132,dlc3_dgn_dvg_cabhankeep
205E92,dlc3_dgn_cav_dwellersden
206A62,dlc3_dgn_dvg_mondul
